num_users,num_items,num_interactions,density,user_item_ratio,item_user_ratio,highest_num_rating_by_single_user,lowest_num_rating_by_single_user,highest_num_rating_on_single_item,lowest_num_rating_on_single_item,mean_num_ratings_by_user,mean_num_ratings_on_item,BPR_0,BPR_1,CDAE_0,CDAE_1,DMF_0,DMF_1,EASE_0,EASE_1,ENMF_0,ENMF_1,ImplicitMF_0,ImplicitMF_1,ItemItem_0,ItemItem_1,ItemKNNRP_0,ItemKNNRP_1,ItemKNN_0,ItemKNN_1,LINE_0,LINE_1,LightGCN_0,LightGCN_1,MacridVAE_0,MacridVAE_1,MultiDAE_0,MultiDAE_1,MultiVAE_0,MultiVAE_1,NCEPLRec_0,NCEPLRec_1,NMF_0,NMF_1,NeuMF_0,NeuMF_1,PopScore_0,PopScore_1,Pop_0,Random_0,RecVAE_0,RecVAE_1,SVD_0,SVD_1,SimpleX_0,SimpleX_1,UserUser_0,UserUser_1
5130,1685,37126,0.4294977470051654,3.0445103857566767,0.3284600389863548,123,5,455,5,7.237037037037037,22.033234421364984,0.024249983879828,0.0424356393317058,0.0313321589208207,0.0241582435992354,0.0123626153162094,0.027358727953844,0.0559661418775428,0.0538545584065028,0.0411646351885067,0.0441404129931656,0.0437053213434992,0.0497424676473013,0.0536996489309699,0.0536975278516993,0.0512569186850747,0.0522324072322456,0.0523874207001738,0.0525873701352629,0.0118419881438601,0.0368852851789067,0.0362898165806889,0.0480111132275475,0.0520537013676228,0.0536881226356158,0.0242335142074294,0.0438580892500481,0.0253536260976059,0.0413669601233639,0.0364672088179703,0.0301285773766724,0.0230696193927208,0.0222850791069671,0.0158267341992985,0.0350130792938361,0.013558536590419,0.0135322180687258,0.0136133106203913,0.0009642995463065,0.042678059474026,0.0449140300770274,0.0401515930310036,0.0465226546470427,0.0506278377485105,0.0510195411752928,0.0471966371649086,0.0474802122083025
87271,13209,752937,0.0653158746238652,6.606934665758195,0.1513561205898866,565,5,6282,5,8.627573879066356,57.001816942993415,0.0120345973583597,0.018050152755106,0.0070239712920997,0.0096168296578003,0.0059210106933586,0.0079685451374805,0.0296520926033834,0.0291447686506461,0.0160117020762952,0.0164892451825563,0.0230189968822449,0.0240017166855692,0.0236732604299958,0.0236809760700592,0.0204473605464426,0.0212976857236041,0.0209542840912845,0.0216518827556125,0.0037799619427997,0.007872869800279,0.0107426189610134,0.0192679775076405,0.0297815741655329,0.0296568320557279,0.0163569471372184,0.0222991937878642,0.0152189865441467,0.0220875979865476,0.0139828888549723,0.0111958463916513,0.0145374523538224,0.0136688538138772,0.0106611082231248,0.0100129389195594,0.0095779443315603,0.0095779443315603,0.0095628188398057,0.0001204869849322,0.0203759443603591,0.0198151330008992,0.0190138987414377,0.0209800935659356,0.0223690528937394,0.0223273141756591,0.0238579766256598,0.0232764639946323
2928,1835,20473,0.3810433138279656,1.5956403269754769,0.6267076502732241,51,5,169,5,6.992144808743169,11.156948228882834,0.0085243375569174,0.0147178507333309,0.0123574706754676,0.0065207069503669,0.0106931189155604,0.014650192288216,0.0232036720684226,0.0234389879419718,0.0181415978488478,0.0184004038328753,0.0190173111075076,0.019336702890135,0.0189663547742596,0.0189663547742596,0.017861611077518,0.0186705473876053,0.0169555470887151,0.0180794684647001,0.0054234307600163,0.0128141847943525,0.0143944104390447,0.0209627697386693,0.0200696766463134,0.0215761846510522,0.0136672597875239,0.0160960984308582,0.0141309276990449,0.0176761975275523,0.0156361843005689,0.012667986597414,0.0143327407824985,0.0123200051951253,0.005807410612898,0.0133894301240545,0.0063489410130749,0.0062785988435397,0.0056714850807859,0.0006703068970013,0.0126281533598049,0.0141953525543833,0.0174938177534281,0.0183424732538951,0.0181831303196118,0.0186543328165563,0.0233328344473265,0.0233328344473265
19445,7050,160792,0.1172917247957049,2.7581560283687945,0.3625610696837233,125,5,780,5,8.269066598097197,22.807375886524824,0.0026676190930465,0.0045084784655303,0.002626985814825,0.007248853017259,0.0039063367277176,0.0045602633494566,0.0120217650043286,0.0119447875019077,0.0074034489404346,0.0072813286888999,0.0082843778786018,0.0083976074112056,0.0068767063843678,0.0068769865065175,0.0049755469790588,0.0053110807586628,0.0049579604928004,0.0051484821347853,0.001604252397538,0.0032296502344085,0.0033381830282686,0.0074957695938959,0.011671216238446,0.0114578091856552,0.0051271121327034,0.0063661267596779,0.0052333507021592,0.0065822182576009,0.0067707791656389,0.0061234334748432,0.0065997378499689,0.0067295222475089,0.0030090925786055,0.0033852036454105,0.0053061764059846,0.0053112224741857,0.0052093488292705,0.0002200025449364,0.0039130167776528,0.0055062547868103,0.0070326694565464,0.007617735148004,0.0086799700928526,0.0084763578242957,0.0111923855977739,0.0111752481258064
22363,12101,198502,0.0733522706417427,1.8480290885050823,0.5411170236551447,204,5,431,5,8.876358270357287,16.403768283612923,0.008628028554446,0.0146034284103481,0.0088827788133113,0.0135533576357859,0.0028466798986276,0.0107113728696646,0.0261833174365441,0.0252926722526002,0.0171209866699739,0.0169574688387306,0.0169796175832685,0.0191490882497089,0.0194820825948979,0.0194734958318598,0.0178210151633674,0.0182381750596929,0.0192573312770632,0.0190828113657874,0.0071936251018926,0.0121312689375167,0.0100628616105107,0.0187015198708263,0.0265315077525291,0.0268609621380978,0.0136692812263802,0.0154759295448896,0.0139042328737832,0.016290296730817,0.0184771845041267,0.0188234729541902,0.0135161957164755,0.0150741680356341,0.0110030624595019,0.0117065213952052,0.0031548887816817,0.0031450184926082,0.0030653832900455,0.0001366308454423,0.0125193297670771,0.0155473708394946,0.0152766138951951,0.0175096837665915,0.0173735030476411,0.0168325945570206,0.0229044137973184,0.022462417492269
27879,10429,194439,0.0668749575731001,2.6732189088119664,0.3740808493848416,152,5,837,5,6.974389325298612,18.644069421804584,0.0057684328798352,0.0106690803502129,0.0049995413862949,0.0140745832482503,0.0027723995512301,0.0074809454072484,0.0197257958812172,0.0192938203225022,0.0118373104787497,0.0120466793425182,0.0154527787396003,0.016875314043174,0.0119012024309993,0.0119046549512542,0.0104544695432727,0.0109093352629231,0.0106301675438543,0.0109448159375117,0.0032972583977454,0.007354779883965,0.005970520662812,0.0154294573495273,0.0200678387871099,0.0203034630525095,0.0106202743108648,0.0120994459120384,0.01096718246902,0.012653391459878,0.0108577695036391,0.0105318833458638,0.0097580804837413,0.0097682167829197,0.0065165969527689,0.0079045343233764,0.0042862328129547,0.0042828106081116,0.0042360193734997,0.0001281672605737,0.0080033411254236,0.0110740811479202,0.011707002129722,0.0128408427380895,0.015614305763693,0.0147389866366404,0.0181067874696264,0.0180917413177768
39387,23033,278677,0.0307183380910067,1.710024747101984,0.5847868586081703,136,5,441,5,7.075354812501587,12.099031823904832,0.001273027182566,0.0029070314715127,0.0013416466378606,0.0044265289692735,0.0009952395769705,0.0023387793642897,0.0089154680574905,0.008854821989044,0.0046356730065209,0.0049601101031635,0.005633182342347,0.0067192939076266,0.0045261663358917,0.0045261663358917,0.0040561122424125,0.0042763553469883,0.0040994722911272,0.0042928046737892,0.0008365957914441,0.0022404949845699,0.0018806614078633,0.0054414540944083,0.0087567956538266,0.0086977196100393,0.0029151524045549,0.0035732752120226,0.0030095488704382,0.0038611843257523,0.0050587809083043,0.0053405702382869,0.0038633554586863,0.004025372037983,0.001533999795214,0.0016796383633358,0.001227865307132,0.0012282294564884,0.0012209574148291,5.083781154047041e-05,0.0022552151654589,0.0030141950087973,0.0040609055600766,0.0045431007847096,0.0063659486023001,0.0058661923389767,0.008663637423294,0.0086627228583933
5541,3568,64706,0.3272891118227514,1.5529708520179373,0.6439270889731096,578,5,272,5,11.677675509835767,18.135089686098656,0.0245069155558826,0.0459529176577166,0.0340738501928473,0.0140115120901614,0.0100488649565569,0.0305682960746866,0.0600979475301805,0.0573889863577553,0.0485437748081522,0.0485175000807227,0.0460823685289017,0.052541938105684,0.0492411080062799,0.0495291862552152,0.0454626735627779,0.0449574087061089,0.054205757807337,0.0529273206389776,0.0183067503575596,0.0454763155115682,0.0347070119786161,0.0512744484980872,0.0609917812961086,0.0627107500086927,0.0363046390329388,0.0446315803034592,0.0384632325033206,0.044501648513828,0.0515003201232243,0.0480722394822502,0.035704784350562,0.038618100102036,0.023153718270243,0.0369420657677437,0.0083915921233861,0.0083956247143427,0.0082294930355181,0.000607882872187,0.0378738058594044,0.0423456164985524,0.0426789841220181,0.0479656333444852,0.0543698743522198,0.0549390458361922,0.050928900775162,0.0503666169553488
14681,8713,151254,0.1182451988461481,1.6849535177321244,0.5934881820039507,204,5,742,5,10.302704175464887,17.359577642603007,0.010063096638704,0.0175219424854926,0.0105825003528507,0.0166233415905714,0.0066961662528752,0.0143807903505095,0.0291648432541742,0.0284456585888342,0.0192997297624837,0.0206894275764099,0.0207458464562828,0.0224060391302044,0.0222881632752806,0.0222941712226047,0.0201447624897671,0.0209666253285931,0.022481740263575,0.0222905579784671,0.0062723918767348,0.0128303281172244,0.0118782551892963,0.0222180342029322,0.0295252755373591,0.0295167065447888,0.0161511881056711,0.0182859891000264,0.0167579252222154,0.0191030829468345,0.0179961221433224,0.016016352230013,0.0168450157887363,0.0151695005377005,0.0114471366816932,0.0125256834963029,0.0086887016369727,0.0086908055910933,0.008546782955482,0.0002406574104502,0.0142217351570861,0.0173137900517431,0.0199807473554168,0.0209177652486679,0.0189682436123592,0.018871332450769,0.0257095714062706,0.0246616030233705
38609,18534,346355,0.0484020492904037,2.0831444912053523,0.4800435131705043,292,5,1089,5,8.970835815483436,18.687547210532,0.0060555977430917,0.0107692683737683,0.0051899486301402,0.0135941853624843,0.0011265230520805,0.0069206071850419,0.0208718263741663,0.0204001001168653,0.0124921030953869,0.0127222409110333,0.0121739443952835,0.0139888644068329,0.014667931652145,0.0146518517348657,0.0133292834832028,0.0135841769364728,0.0142243351059918,0.0142859308854904,0.0046955482009396,0.0082224296738457,0.0064242305772703,0.0137173189728546,0.0209387882525021,0.020941009908952,0.0096450447168999,0.0110025729062394,0.0100153379019602,0.011595140742433,0.0128095905279219,0.0128905539581182,0.010528864043769,0.0113283961791772,0.0076232695300751,0.0076374458616176,0.0033383784633106,0.0033383784633106,0.003343782600018,9.005456766945347e-05,0.0089178905654921,0.0114161830932859,0.0116195339155135,0.0126356790731598,0.0136222917111185,0.0134703358895576,0.0189608825215102,0.018687695212768
66519,28237,551682,0.0293713932950357,2.3557389241066686,0.4244952569942422,277,5,1064,5,8.293600324719254,19.53755710592485,0.0015293030975282,0.0026893066072728,0.0014474075660074,0.0035251303165561,0.001164237789617,0.0019380422159874,0.0103108052692011,0.0099676073866112,0.0039094967516746,0.0042825792051744,0.0043676565455173,0.0052011577810356,0.0058488012272836,0.0058506899280325,0.005089349083312,0.0052334747201609,0.0053500635024607,0.0053683420425197,0.0011151988330249,0.0020227826622674,0.0017970417456574,0.0041250179995337,0.0098410231254206,0.0098701169637701,0.0028361837741219,0.003627635291027,0.00291091284779,0.0036007359451101,0.0046264724219856,0.0051520240913173,0.0041100650334682,0.004083678138294,0.0016640634033673,0.0016722727869055,0.0019428805453615,0.0019428805453615,0.0019315242550428,6.016064452492349e-05,0.0030158791150464,0.0035290604037358,0.004194925286709,0.0042815928560408,0.0059290079611857,0.0059008018255341,0.0090608827356908,0.0090533387086466
1429,900,10261,0.7978384262499028,1.5877777777777775,0.6298110566829951,42,5,163,5,7.1805458362491255,11.401111111111112,0.0099574740407396,0.0150712543374683,0.0127074478822888,0.0145610217806045,0.0143103728918954,0.0163407491505609,0.0247177163529502,0.0246673039117163,0.0161701570244665,0.0162565465762584,0.0177308544007055,0.0167464972186892,0.0177811015368489,0.0177811015368489,0.0158844436816327,0.0175634785210834,0.0142320952698934,0.0156073313547705,0.0062592752240898,0.0108025325228554,0.0156591347265504,0.0233868272368534,0.0208830710953141,0.0219427077868986,0.0139655641644905,0.018626988068802,0.0153389191259666,0.0185621883527506,0.0124179174983964,0.0102161895281372,0.0126257366956327,0.0095243776697442,0.0052054118333248,0.0147821576933161,0.0145309566383385,0.0144760307301449,0.0102209048590318,0.0016428738699116,0.013516774156866,0.0150513435593928,0.020484264489443,0.0206599005897195,0.0181039054043941,0.0184733443049424,0.0240180088867205,0.0240180088867205
4905,2420,53258,0.4486735579312726,2.0268595041322315,0.4933741080530071,94,5,311,5,10.8579001019368,22.007438016528926,0.0083731586869397,0.0141611277778033,0.0109830045144551,0.0113336739433068,0.0105979521608971,0.0127245661438914,0.0269179783029433,0.0262463321827276,0.0181112050618456,0.0179995217950402,0.0161763394021399,0.0176217133165446,0.0248464262301859,0.0248459527556191,0.0236103514807499,0.0238390031463242,0.0238813783760316,0.0240172992932099,0.0060742142887498,0.0119977466386841,0.0120685241579368,0.0206579074920616,0.0259312104062671,0.026031707807861,0.0131863044812908,0.0166840949925079,0.0138540946409413,0.016226722683656,0.0180802880984829,0.0164063343377424,0.0150499037099922,0.0163522922498342,0.0079018229942761,0.0118704786203916,0.0093764774943867,0.0093714876953015,0.0091610040089214,0.0008594373604584,0.0123013199207649,0.0150652183636007,0.0173834451577371,0.020763586731125,0.021429362664868,0.0220872307489405,0.0233640475568739,0.0227925064765682
1686,962,13272,0.8182833805609605,1.7525987525987523,0.5705812574139977,66,5,296,5,7.871886120996441,13.796257796257796,0.0156265237598423,0.0234303650855614,0.0204616322086076,0.0191422901337115,0.018765339678573,0.0201361751769231,0.0330600218168289,0.0329848627171969,0.0222438174202934,0.024020827369784,0.0237303142568839,0.0248055420872543,0.0298665930014039,0.0298665930014039,0.0280007890254075,0.0291695938592604,0.0258840678199285,0.0273550300744764,0.0104443442975049,0.0177550863074414,0.0225209863856217,0.0306136260866228,0.0316628540440621,0.0321668314131703,0.0229314519144532,0.0270897393667794,0.0236869885758353,0.0274176623494021,0.0217890152530121,0.0183949193461724,0.018447658272107,0.0193064007871522,0.0088136818608849,0.0221578048988953,0.0186781679165033,0.0186952030453688,0.0129224590695435,0.0016867637294695,0.0208947526045827,0.0243310387765013,0.0252750120881215,0.0284278388291441,0.0279567368617233,0.0286281900920396,0.0320461442716299,0.0320519039127858
19856,8510,157836,0.0934081438057894,2.3332549941245597,0.4285858178887993,147,5,520,5,7.949033037872684,18.54712103407756,0.0059329411294639,0.0110822189218646,0.005245105969872,0.0114064149222262,0.0037710464144071,0.0080667759534272,0.0215618087170365,0.0208639093881327,0.0139929009417888,0.0141114889694368,0.0150627536617507,0.0164500831821526,0.0154354759491103,0.0154354759491103,0.012876003924144,0.0135960795524352,0.0130293214771136,0.0133480755847295,0.0034383552668412,0.0083365850485997,0.0067675139080314,0.0152429906488651,0.0211150314113913,0.0213060029055563,0.0103294541791281,0.0121075487233863,0.0107913752579779,0.0124621912425015,0.0140443696236964,0.0128267428880848,0.0116355467634519,0.0115860029170544,0.0068311625590602,0.0080041630688045,0.0038252188178662,0.0038432039288012,0.003804155603752,0.0001746150682391,0.009080839007906,0.0115435925523438,0.0132222406706743,0.014668140161717,0.0157272449675666,0.0152348853087778,0.0189891221985074,0.0189370676205628
35598,18357,296337,0.0453480454569589,1.93920575257395,0.5156750379234788,296,5,1042,5,8.324540704533963,16.142997221768262,0.0034411626085807,0.0065539084307686,0.0026455348247883,0.0097625474690573,0.0026858285192455,0.0053328920961741,0.0151109880569935,0.0147437220559067,0.0080154297642627,0.008647730857924,0.0103488717248535,0.0114887564386163,0.008837894110559,0.0088402573715506,0.0069914605267998,0.0073364664597115,0.0072389334779026,0.0073911384801489,0.0021123066736952,0.004675541462864,0.0038297842061972,0.0094357494385992,0.0152208714275686,0.0152191283357963,0.0055794891572557,0.0070197281629773,0.0058224020664494,0.0074452980458666,0.0087517949021223,0.0088377305696136,0.0069613027190337,0.0075596985676875,0.004212920936839,0.0046325601908637,0.0034398069847428,0.0034431336225709,0.0034683341109431,9.570611102322338e-05,0.0049689960781183,0.006697491645485,0.0077684114033687,0.0089040666242358,0.0116759541352804,0.0109380139711639,0.0138418912117045,0.0138359763033959
16638,10217,134476,0.0791079752799754,1.628462366643829,0.6140762110830629,142,5,504,5,8.08246183435509,13.161984927082312,0.0027573340367035,0.0054021903014864,0.0031483454596131,0.0042658616624439,0.0023272875085273,0.004221906082812,0.0142234232331647,0.0139464790412209,0.008443106840439,0.0084311213920514,0.0089938210799442,0.0101812040645882,0.0084375439172805,0.0084375439172805,0.0073451340858053,0.0076902961060403,0.0077142635652929,0.0076688468961783,0.0018722525153003,0.0042703694201613,0.0038035548327667,0.0089805409330179,0.0133149453420785,0.0134608813424635,0.0050649946501358,0.0061102000038631,0.0053017197815154,0.0068050406358652,0.0087828113935809,0.0090118999212026,0.0066923449416714,0.0070766178912093,0.003170554867701,0.0038143381719413,0.0038272331915906,0.0038274310599585,0.0037869898237696,0.0001660454428509,0.0042688320562806,0.0058253233738516,0.0077469801947299,0.0086231574899137,0.008935092080664,0.0086180563925217,0.0135822048986114,0.0135812284672804
19412,11924,167597,0.0724059057180122,1.6279771888627976,0.6142592211003503,550,5,309,5,8.633680197815783,14.055434417980544,0.0059198593841049,0.0119869041447598,0.0077441185060252,0.0040590892417952,0.0016979993973312,0.005342656805733,0.022450596515231,0.0218118516424697,0.0103315984566172,0.0109000451160482,0.0116920473642303,0.0143406106061032,0.0174330249894086,0.0174341587817344,0.0159322934564295,0.0163079980323727,0.0170028309165789,0.0169211446860189,0.005431843287889,0.0112682272640587,0.0079581860582063,0.0160748435408717,0.0228461007246293,0.0229534764855013,0.0100145243922849,0.0121820841365131,0.0102719044295904,0.012387265687289,0.0131545152884179,0.0156198588862009,0.008512380536627,0.0092630425010393,0.0081258737284219,0.0093537192411328,0.0021490176514353,0.0021489389629182,0.0021182863049047,0.000161963330266,0.0089916563592336,0.0119521409841426,0.0091800852154482,0.0103229558871743,0.0164657666396184,0.016169635142056,0.0214678449639277,0.0214820394980584
24303,10672,231780,0.0893655752052377,2.277267616191904,0.4391227420483068,773,5,802,5,9.537094185902976,21.718515742128936,0.0106277202414962,0.0200908495189065,0.0087371352218587,0.0195021543221768,0.0030959598309798,0.0135791444637524,0.0305225009967229,0.0296524632820519,0.0198920472396958,0.0210867643977403,0.0241755257791619,0.0267533022592012,0.0222248869070102,0.0222595859725722,0.0184474550737896,0.0189526384614502,0.0222569675947606,0.0221980208296321,0.006851920229013,0.0156215969409505,0.0111917100778468,0.0255427326740029,0.0316596393094732,0.0317175076142246,0.0162584350273729,0.0186852497588215,0.0163396548269019,0.0201885920679416,0.0217847728537288,0.0208603598793105,0.0155712446804569,0.0161222660033144,0.0133331024558239,0.014476235928635,0.0043107782084959,0.0043100903976198,0.0042378174774586,0.000169249616112,0.0134689458558409,0.0182640874428609,0.0183400359212383,0.0202808067767601,0.025965457256042,0.0255051637589686,0.0268735169846124,0.0266668270665998
9906,12381,123518,0.100710836617455,0.8000969227041435,1.24984857662023,509,5,529,5,12.469008681607107,9.976415475325094,0.0089190838709325,0.0186939104373954,0.0182251050871906,0.005560179961788,0.0022960682116206,0.0099715024537137,0.0340760787706141,0.0322743019056187,0.0146724481524371,0.016024106491662,0.0180475954816155,0.0222747551761444,0.0257292038232848,0.0257396384982902,0.0212376749088848,0.0230188191423807,0.0224969079784937,0.0238216102349017,0.0095084935849589,0.018855499223547,0.0138108500503669,0.0249601370335218,0.0304844620680297,0.0304481360039564,0.0187344710203017,0.0257586508549451,0.0212757556410635,0.0277485986894224,0.0183503712664519,0.0234644042934305,0.0100528103461375,0.0116931612597538,0.0120141222748954,0.0152134329097269,0.0051190844649863,0.0051173081305162,0.0050850536565564,0.0002149110834004,0.0200725350364993,0.0227441533554527,0.0123285997705914,0.0147891422423769,0.0245220419213293,0.0248793097715806,0.0310079217321982,0.0310022802348313
147,453,2941,4.416512741962126,0.3245033112582781,3.0816326530612246,93,5,31,5,20.006802721088437,6.492273730684326,0.0307226636438001,0.0381413912738881,0.0349022848862951,0.0413241067635951,0.0428805833279206,0.0373215693311611,0.0518529425120716,0.0504684240373425,0.0290499526221022,0.0209201471081905,0.0341758833440814,0.0297403756570393,0.0421188431309891,0.0420742863134556,0.0458748264130819,0.0447148636453528,0.0428619288049441,0.0459187380398788,0.0255147702339398,0.0382698331484835,0.0360682039443182,0.0458626535491185,0.039467184450541,0.0390486430019524,0.0377063424953138,0.0376705119296565,0.0389063981921906,0.0405892084901664,0.039421404869898,0.039421404869898,0.028871826579115,0.0179601228573009,0.0244697888329678,0.0406736040211997,0.0299125044791103,0.0290474997033534,0.0086929194602801,0.006991720115365,0.0331893831494823,0.0371383716603283,0.0455856521079603,0.047817331786557,0.0375054970553641,0.0360439488461827,0.0534999224814391,0.0534999224814391
4353,8342,58664,0.1615521787045125,0.5218173099976025,1.916379508385022,489,5,78,5,13.47668274753044,7.0323663390074325,0.0054510937988458,0.0126900758549939,0.0129340585492042,0.0025162561788499,0.0019990452143503,0.0063488683040199,0.0221051305750272,0.0213314137730056,0.0117988227853347,0.0123991855156257,0.0090036244615495,0.0138009323278294,0.0205208771683028,0.0205119656802713,0.0178220591433106,0.0197629437331789,0.0196003507807612,0.0205335039882544,0.0067007932223472,0.0142819465600927,0.0110356236475927,0.0161126674533252,0.0194815698818118,0.0200336885835554,0.0134225063624552,0.0164266512105967,0.0140804044913321,0.0171163526483,0.0128070667463422,0.0162322216285014,0.0074880044641258,0.0097697186442522,0.00583385619098,0.0105086145828617,0.0022903028295392,0.0022590205028666,0.0022504338478894,0.00039842709434,0.0161225800559087,0.015782108740464,0.0084751695736122,0.0112137064775681,0.016953691361477,0.017784899736372,0.0225154862822578,0.0225154862822578
936,2028,20050,1.0562593772652944,0.4615384615384615,2.1666666666666665,440,5,87,5,21.42094017094017,9.886587771203155,0.0231964341766941,0.0386201458822718,0.0427372843085846,0.0250487895417363,0.0146346581379271,0.0275725574970484,0.0540070200624746,0.0517774702557286,0.0436567291449832,0.0226987681605612,0.0326952089855362,0.0395195746048658,0.0418864206148711,0.041896898850988,0.0357672202566289,0.0383552456100053,0.0439637646341374,0.0435670101489297,0.0190170620354724,0.0379779118226019,0.037612877327042,0.0456038389323146,0.0457276820813759,0.0487825132256685,0.0385685522223858,0.0433983359495701,0.0414634729202851,0.0430386328592813,0.0446757820475249,0.0417578494874304,0.0362801818803123,0.0376736187409874,0.012749024098466,0.0339076309555273,0.0165968983074122,0.0165818266424318,0.0152103284291441,0.0022076930252292,0.0418007015688737,0.0451103587435112,0.0402680574441822,0.0470685708268336,0.0466887814634744,0.0465008514500582,0.0488041090851006,0.0488008489315152
132,294,2027,5.223149866007009,0.4489795918367347,2.227272727272727,66,5,29,5,15.356060606060606,6.894557823129252,0.0705117842360942,0.0616005720516563,0.0742731037280715,0.0395117947730144,0.032864460952871,0.0286914026122694,0.0847428979290196,0.0826027484324107,0.0672282171181443,0.0261534791951965,0.0713773475682983,0.0674360555539401,0.0810247538003376,0.0810247538003376,0.077551123615837,0.0803713100527758,0.081739632468237,0.0828137328503538,0.0626060595099674,0.058954454082446,0.0802813004059861,0.0766316634175889,0.082745063728713,0.0807179226906324,0.0731335186082152,0.0811392404150204,0.0749589186503039,0.0805590981309224,0.0865855845182974,0.0865855845182974,0.0527987438849558,0.0369517880372186,0.0421270597108201,0.0717976777440618,0.0247779077731712,0.0243646636196865,0.0133101950603014,0.0130452846472131,0.0759842295142661,0.0753071066826016,0.0858460058074181,0.0857291819132016,0.065054429149015,0.0648615738223814,0.0783497032608184,0.0783497032608184
9930,24780,206241,0.0838155222148258,0.400726392251816,2.495468277945619,1747,5,218,5,20.76948640483384,8.322881355932203,0.0032603543629792,0.0067879286550668,0.0065928876228704,0.0035777912405118,0.0004141827416246,0.0050766359895476,0.0156428331883673,0.0150142192132353,0.0047918787565436,0.0063725892555975,0.0068877347530672,0.0077450706342587,0.0098945805713782,0.0100253579197006,0.0067414109064276,0.0081842856625934,0.0097950909625509,0.010653505437541,0.0035213434343273,0.0070644202070125,0.0045580274659965,0.0094451280362833,0.0121280928985589,0.0113812466655991,0.0069425305424739,0.0108299274634157,0.0040029599717678,0.0116311275557581,0.006753521052322,0.0085048499828504,0.0031709640325496,0.0051017984628487,0.0048256822484973,0.0058843044902542,0.0028521651007982,0.0028396510744981,0.0028516670320492,0.00016719839015,0.0093688711437345,0.0097430177228939,0.0044381914231218,0.006440864613195,0.0107870992872292,0.0112282341692735,0.0152770873031462,0.015244291256154
4898,13073,126702,0.1978743167782559,0.3746653407787042,2.66904859126174,554,5,183,5,25.868109432421395,9.691884035798974,0.0034693789832575,0.0054216525936332,0.0057693287524653,0.0068645179743458,0.0022276373357958,0.0057281387032076,0.0177049107148791,0.0161785411839365,0.0083059935325705,0.008155660946473,0.0084122937197797,0.0098277374989604,0.0123207141607413,0.0126312352834284,0.0099482870081447,0.0104862094461152,0.010579550250437,0.0115225739697623,0.0032581061787551,0.0055403739031974,0.0044803766529513,0.0107816378107428,0.0105781816841974,0.0103933368829739,0.0060097264486289,0.0085112478641307,0.0073954354956354,0.0103327316758779,0.0086464682299714,0.0098195679408151,0.005891970167968,0.006374834795995,0.0038831013205656,0.0043352678428803,0.0063283443249678,0.0063154828231952,0.0062896924981224,0.0004392051098129,0.0073791874126291,0.0075432192548321,0.0077674342815563,0.0085014129486787,0.0133107676469511,0.0137127833396073,0.0148925809219489,0.0148113999411647
643,1339,9596,1.1145477753761135,0.4802091112770724,2.082426127527216,89,5,49,5,14.923794712286158,7.166542195668409,0.0254884289523746,0.0327070419030291,0.0350367739802081,0.0092740313191612,0.0112596890854516,0.014758838540674,0.0449280971594789,0.0437905643804213,0.0381186038172528,0.0182574688495671,0.0336018630715252,0.0407288812701548,0.0429056722078782,0.0429056722078782,0.0410451953094241,0.0407466611620856,0.0426144988849164,0.0419609115994405,0.0235006903919014,0.0301259229474634,0.0372804978997392,0.0439357588552326,0.041379082631282,0.0445192617361546,0.0321165772745061,0.0381452117618329,0.035752731282151,0.0371036222280065,0.0396129495694988,0.0431408346251324,0.0312853781852458,0.0297616945984916,0.0116175084166128,0.030058806590029,0.0092368416730864,0.0092823514860991,0.0066464091843255,0.0025892590990555,0.0346698778901747,0.0385217278341419,0.0349125447540654,0.0380230789113426,0.0392163356519874,0.0412302489663052,0.0459075780919015,0.0459075780919015
23724,29794,687070,0.0972040269729623,0.7962677049070283,1.255859045692126,1763,5,1340,5,28.9609677963244,23.060683359065585,0.0149912789121514,0.0220604054417565,0.019489709927241,0.0241836451770167,0.0076331962067659,0.0132508542277864,0.0545245707615731,0.0506477006003684,0.0256364973838106,0.0259783720415698,0.0282674834711404,0.0311286385516149,0.0407453649228819,0.0410134667070464,0.0376384969294807,0.0363181348103226,0.0500119663406826,0.0485983132769907,0.0068946356251265,0.0184951368909289,0.0171006498751972,0.0315092220202654,0.0555079485659672,0.0565047887812936,0.0202786156694252,0.0226180638717055,0.017896232377842,0.025996273014605,0.0312307421734329,0.0343297953825652,0.0210508570924624,0.0225787158006148,0.0149934851313644,0.0147808707354413,0.0105240089215933,0.0105251007590389,0.0105090086508357,0.0001863492419304,0.0226508096259588,0.0283006783012741,0.0254562389399087,0.0282463885322741,0.0377676761137382,0.0378056994129506,0.0343498822260395,0.0318276075986022
7025,9432,118668,0.1790950168880678,0.74480491942324,1.342633451957295,2499,5,380,5,16.892241992882564,12.58142493638677,0.0086830450789957,0.0162384707830802,0.0121863885904508,0.0075153496604879,0.0021753720465863,0.0099475173509775,0.0344629985756179,0.0328962096613754,0.0176140512567066,0.0199424711652014,0.0164745373760094,0.019311830266822,0.0189094279489663,0.0188908430352216,0.0193099118994516,0.0178470567537011,0.0293308229510068,0.0280187744545512,0.0069206191513315,0.0156840791115429,0.0120565094761029,0.0227305728987241,0.0337033346785536,0.0341586028583801,0.0107681029992044,0.0158264901331175,0.0108148756745159,0.0159934560894098,0.025576316123945,0.0275412595199246,0.0178768278794155,0.0204704032693727,0.0103000157580152,0.0125639254395283,0.0070645196350029,0.0070613447943961,0.0070360277227589,0.0003352783980988,0.0142273141021588,0.0158931154953095,0.0200353046325669,0.0233185304006451,0.0271257018601318,0.0284169880703545,0.0282560945193884,0.02788827286288
1807,2062,28059,0.7530527096639483,0.876333656644035,1.1411178749308246,460,5,202,5,15.527946873270617,13.607662463627548,0.0144557693743813,0.0269358283866591,0.0233275451618004,0.0185127409425602,0.0195465361558477,0.0246682359588202,0.0371475896503114,0.0356032911593015,0.0293128590602575,0.0244713271252484,0.0276786281493962,0.0294996989240002,0.024039036234723,0.0242609788567461,0.0218685085501076,0.0215570388706969,0.0297294853052303,0.0292129904158498,0.0098928917479082,0.0234134843632497,0.0243115883801075,0.0353718978608024,0.0365874317596562,0.0370800923747231,0.0224014264033908,0.0289050230229223,0.0238664591761878,0.0295697111194354,0.0268508333585558,0.0206516578037637,0.0225214017149492,0.0213178599085225,0.0109612471663953,0.021836872444482,0.0170036288259273,0.0169409874273951,0.0151085001276033,0.0016355866475103,0.0242193704292338,0.0274406578066034,0.0298264760935485,0.0322903060960352,0.0346270020943982,0.0348120168439599,0.0317790724742191,0.0315501572877186
5536,15429,200180,0.2343617997337796,0.3588048480134811,2.787030346820809,390,5,321,5,36.15968208092485,12.97426923326204,0.0565821607664397,0.1044952643039068,0.0849015034757773,0.0293414589476142,0.0062275650576309,0.0377607614272953,0.1618063026349188,0.1475555223968034,0.0815312587617906,0.0844878486368405,0.070761915219872,0.0889080263704692,0.1363445980207828,0.1383283383712587,0.1042668279633301,0.1135044341289723,0.1298565376079139,0.1314171903595921,0.0640477034493816,0.1101220389216906,0.074456939091742,0.1090693824719834,0.1476071785960402,0.1482119758382364,0.0908352971910296,0.1158534555585671,0.1034435590046095,0.1177027009588736,0.1005958147283416,0.1256504132916696,0.0592257991346829,0.070058504412388,0.0838147505906495,0.0908841299244017,0.008769781757916,0.008777135007185,0.0086550062826481,0.0004026604841446,0.1196908344972227,0.1178829019246147,0.0643959474774061,0.0781728171559435,0.1060269448380877,0.1077223908147868,0.1127210536925091,0.1101227462971108
3527,6339,77546,0.3468432039803104,0.5563969080296577,1.797278140062376,1024,5,356,5,21.98639070031188,12.233159804385547,0.0292985426626109,0.057610393609566,0.0438748133362055,0.0219784806502938,0.0142734655214433,0.0411610538230447,0.0739533144590386,0.0695399461970509,0.0568976985063531,0.0583569206178579,0.0577797292492888,0.0642255182282892,0.0497383130390104,0.0502488545169466,0.0459722642714455,0.0453243418790419,0.060088700649973,0.0590429507516512,0.0219775426252178,0.0538535548960335,0.0407759417254979,0.066368497577567,0.0748900079657157,0.077333783856536,0.043911578668047,0.0558044853535958,0.0481166102643123,0.0558393148982926,0.0584126574924671,0.0579556934675017,0.0419042143199513,0.0444591369561149,0.0297921099697105,0.0457417207677,0.0137067292674912,0.0137283153762492,0.0135423373130592,0.0007742054306142,0.0516229375544655,0.0488962310062759,0.0476364305694819,0.054233778778682,0.0651433182520091,0.0665209187413002,0.0588331768542708,0.0579656277600514
36088,17932,347987,0.0537738926330377,2.012491635065804,0.4968964752826424,148,5,405,5,9.642734426956329,19.40592237341066,0.0253539409380276,0.047158914118657,0.0179789868172154,0.0464703986657452,0.0012947403000894,0.0138078796254666,0.0607352966979615,0.0599492133507473,0.036698208698883,0.0379910436015205,0.0327644572118705,0.044613888735346,0.0537133667636217,0.0537133667636217,0.0513459066112162,0.0521355577515233,0.0517203903035009,0.0518778315632884,0.0221731187312965,0.0406791205256333,0.0248881511277664,0.0516909809439334,0.0609662280418776,0.0610508068759901,0.0345092014939835,0.0364068191885669,0.0358973194834692,0.0382279671068665,0.0491641301303491,0.0523822689055593,0.0256278544650084,0.0351840276087128,0.0352062290664529,0.0359200494333761,0.0019286790752138,0.0019262940475782,0.001904019375411,0.0001137226129704,0.0310025875315641,0.0373909710003531,0.0292607353593208,0.0383097369513979,0.0419232727758875,0.040965963577354,0.0577462955133949,0.0577442242723247
6459,3905,46115,0.18283354931203,1.6540332906530089,0.6045827527481035,38,5,124,5,7.139650100634773,11.80921895006402,0.0351247774012255,0.0568233121303698,0.0484193568473512,0.002347860616434,0.0063084470537435,0.0216991047431317,0.0612199160726133,0.0604593733339516,0.0470582829389031,0.0487093413684831,0.0398734985870734,0.050765570450402,0.0610931328315246,0.0610931328315246,0.0602594513123004,0.0608049545168928,0.0596793842509744,0.0608959027824625,0.0324876468066195,0.056895332927145,0.0455343455627879,0.0541864850380652,0.061371100343141,0.0629747334850197,0.0479771528454619,0.0528953059047677,0.0500461549613814,0.0539396756593267,0.0570354488835665,0.0565471495986872,0.0347948598277302,0.0437562119229205,0.0318553528308524,0.0528856256127082,0.0021616908322543,0.0020723434388082,0.0019403504481373,0.0003441479720481,0.0499454985350593,0.0492407738278989,0.0370875164956099,0.046892067713879,0.0503929662129327,0.0500993573207065,0.0593805036659069,0.0593805036659069
1769,578,17271,1.689125089732631,3.060553633217993,0.3267382702091577,370,5,1399,5,9.763143018654608,29.880622837370243,0.2716201246339593,0.3046795292372171,0.2872514777388699,0.2854310512676388,0.0340393829888086,0.2030764431804297,0.304676018208495,0.3043268465210904,0.2343017903481742,0.2622647219557516,0.2755973012023961,0.2511235845301121,0.3050246146202779,0.3050246146202779,0.3032997157516017,0.3048763595408331,0.3051172065410514,0.3050502573900351,0.0981141476016544,0.0913774467328658,0.3002191514698052,0.3044769141768519,0.3050807201329171,0.3049189258980542,0.3042169485626538,0.3043662923167511,0.3048057624246666,0.3046865592557092,0.2692368378664819,0.2692368378664819,0.051475469394055,0.0332942632640591,0.06768825294485,0.2640478672381159,0.2538613200025806,0.2538613200025806,0.1151137011489646,0.0032841809747718,0.3044855278980824,0.3041517184408475,0.3040661802038202,0.3038102478852752,0.3036024814185036,0.3033672472251851,0.3019109223451024,0.301429543610603
20397,21901,446892,0.1000396904335565,0.9313273366512944,1.073736333774575,611,5,1869,5,21.90969260185321,20.405095657732524,0.0131958744693859,0.0185265200393985,0.0145505768684549,0.0243664586565485,0.0057101581372844,0.0173152178338396,0.0358055341129849,0.0351035699720825,0.0238731164204967,0.0239107324337325,0.0262118871450451,0.0266838267898732,0.0258704721290587,0.0264010090758442,0.0195204148591122,0.0197516400550442,0.0268236332933158,0.0265807112158803,0.005510799619262,0.0125439510509679,0.0141968233220604,0.0261477585811837,0.0349573520173059,0.0345778727612428,0.0140998483224221,0.0176212812508205,0.0158458443103245,0.0197357500230007,0.0256163805510789,0.0236939927999083,0.0195916094822485,0.0197841125597796,0.0125240927737855,0.0106634768346047,0.0123042427321667,0.0123042427321667,0.0123608394299422,0.0001931006941387,0.0139751710130328,0.0178563626423342,0.0252591017617496,0.0269063544224688,0.0284737259277525,0.0283849440834907,0.0284109237691248,0.0268100270939622
1474,1021,15887,1.0556468835592316,1.443682664054848,0.6926729986431479,103,5,182,5,10.778154681139757,15.560235063663075,0.0328418578305721,0.0529237173003264,0.043445306897842,0.0239700021062064,0.0358165985324801,0.0422013554727926,0.0617211639419377,0.0607606882793529,0.0510247611089632,0.0533284761507415,0.0536481613416386,0.0501849428527664,0.0573712064918671,0.0573625740918401,0.054631447713175,0.0565855537424903,0.0528945518149235,0.0542757090996293,0.0205027990372575,0.0462421760958505,0.0451886613307621,0.0610316305675229,0.0588433250480681,0.060214405755214,0.0450397256567985,0.054800653391113,0.049378023965149,0.0549594001045412,0.0399275117028425,0.028754726337314,0.0408090173095057,0.0366486091224892,0.0174924246487524,0.0473639767239692,0.0232281939821443,0.0232476049673783,0.0169911355104593,0.0024673761580445,0.0437414171626204,0.0501042117655679,0.0541759606234557,0.0592788177337175,0.0562619329465962,0.057175336412285,0.0578927644399593,0.057456045029199
1208,406,31668,6.456953642384105,2.9753694581280787,0.3360927152317881,145,5,989,5,26.21523178807947,78.0,0.3128506524855287,0.4024875598663115,0.3333182310742325,0.4203916314498607,0.2798558692637795,0.4007275856249516,0.4342261276308653,0.4352827064217566,0.4027860656825667,0.4102049943254707,0.3928984136472503,0.334217782247631,0.3886398512177351,0.3887851408253814,0.3840673252798705,0.3845625029470251,0.3850938949456308,0.3872208525878909,0.0806232825174024,0.2164575856028271,0.3554902229618059,0.421737133239862,0.4205545170292415,0.4287038333187629,0.4140054904272329,0.4222697500297213,0.4187457830072986,0.4246310609580175,0.3453872969075288,0.3384232775374685,0.1176350592787672,0.0157813663304397,0.2386776080673238,0.349972146236129,0.4109568130292297,0.4109822352362549,0.3157168623297011,0.0142043724955622,0.4287556259857359,0.4301646905996945,0.4264087123212777,0.4263001148516163,0.4058415845916932,0.4042516794882694,0.4063752484927162,0.4117064103741351
547,547,4524,1.5119866046810089,1.0,1.0,40,5,50,5,8.270566727605118,8.270566727605118,0.005273185687161,0.0047966862329403,0.0056551857840706,0.0110094029113795,0.0074745655886371,0.0077255674008374,0.0084057142777781,0.0085866255637348,0.0064611188098135,0.0054081062682971,0.0069468043277666,0.0059426429949537,0.0064050543803299,0.0064050543803299,0.00586792464215,0.0063462835252866,0.0056031675081536,0.0061448594185747,0.0045918230414417,0.0050365964345399,0.006192515910867,0.0066736756325099,0.0061945836695295,0.0065692841993143,0.005962220534784,0.0069760905746134,0.0057432637722781,0.0062721362126874,0.0053167704534309,0.0055831962553637,0.0049754495236754,0.0048908398450715,0.004413648016811,0.005945423530131,0.0111879214142507,0.011326513403409,0.0052579491453745,0.0029045188567514,0.0061889947779351,0.0048051734700329,0.007453450615796,0.0060763020399692,0.0060157547013174,0.0060440697320797,0.0094473732575677,0.0094473732575677
1062,3895,40825,0.986947871262834,0.2726572528883184,3.667608286252354,318,5,273,5,38.44161958568738,10.481386392811295,0.0196109238006812,0.041136185609583,0.0344539239841908,0.0465390148958667,0.0415037379961783,0.0411877824549268,0.0704877561715505,0.0674664340983803,0.0541833566321075,0.0506237912594111,0.0446832990802804,0.0470979275937507,0.0680867903677108,0.0683802076914839,0.0392818188376379,0.0417425636213799,0.049417681603111,0.0474546972642706,0.011171233496068,0.0281789551125116,0.0332584262502914,0.0617609985248185,0.0514486150974077,0.0579408781681613,0.0267761101107958,0.0382192709526392,0.0296299375554907,0.0395328351372136,0.0517780771433915,0.0372433633218779,0.0418896403047305,0.0389043375464154,0.0209786509269964,0.0357964006509169,0.0458472247465816,0.0458359277253423,0.0449867780893977,0.0020187845420563,0.0379474340575611,0.0400206333398726,0.0614957157765903,0.0650149321635999,0.058947416811134,0.0620059113350333,0.0587916365533827,0.0565833173976471
2287,7055,128530,0.7966018760088839,0.3241672572643515,3.084827284652383,348,5,1274,5,56.20026235242676,18.218284904323173,0.0726580441182198,0.1154791733178916,0.1103223495225325,0.1278362862795602,0.0562401895488455,0.1180782434865928,0.1753037210173127,0.1710204724367566,0.1529819742070396,0.1539718675087625,0.1004984489026119,0.1058963175191897,0.1508602141923501,0.1509144254767037,0.1469028499041627,0.148551043833825,0.1583179797596316,0.1601909315375997,0.0237239038791923,0.0525355710166607,0.0882108928847405,0.1599861405796797,0.1532472327731789,0.1602402406337198,0.0971425800938473,0.1290140954759882,0.1110009457606181,0.1384308712163472,0.1504117587135006,0.1168427834402237,0.0906191298317238,0.082438683579201,0.088923930483343,0.0773227285527999,0.120499000927813,0.1204931107690908,0.1187238467838451,0.0014727027294367,0.1250707078764155,0.122299284622102,0.1492682514541439,0.1490256299537275,0.1437477857666801,0.1446535582104883,0.1453194262870851,0.1397789243035591
576,550,13116,4.140151515151516,1.0472727272727274,0.9548611111111112,146,5,352,5,22.77083333333333,23.847272727272728,0.1263040812726157,0.2046552839126668,0.1474359312337581,0.1870265305220263,0.1726218328634006,0.2073414815257404,0.2319586320824239,0.2211661671731506,0.2048072427025275,0.1213188766004596,0.1530145831680998,0.1495302531168644,0.2214032291503242,0.2212724556479751,0.2122146057473456,0.214121284699876,0.2332056579044837,0.2291212004589425,0.0589866184859883,0.1420706818306113,0.1701199484227557,0.2209665379345125,0.2193563081071195,0.2240932806977633,0.1810544760390599,0.2070649154736544,0.1926051438311787,0.2040453247938731,0.178897926969571,0.1612770750712649,0.150621087335695,0.1189642731382242,0.0613144512846711,0.1763235554355422,0.1328880225300013,0.1329687779425682,0.061725835989962,0.0080137672454022,0.1908930870960466,0.204551956593755,0.2144837251622181,0.2087393149723694,0.2255179725529695,0.2274917878358388,0.1950406704780375,0.1755839484889101
42382,8738,678297,0.1831582176772596,4.850308995193408,0.2061724316926997,433,5,4152,5,16.00436506063895,77.62611581597619,0.028255837593908,0.039475310747919,0.0215119332889896,0.0403152465478887,0.0073385906010717,0.0303643173479195,0.0604224672954109,0.0605747370512028,0.0450549017970021,0.0453476831953324,0.0474220344702762,0.0474515107179795,0.0525043698340845,0.0525621739944212,0.0502243882234694,0.0508769689537637,0.0532396207596379,0.0543590383095311,0.0096657898953884,0.0228811424392351,0.0269067154012958,0.0477483772975678,0.0584454848672778,0.0590486899752382,0.0403645586570722,0.0447969619509474,0.0426221732906731,0.0466805150349293,0.0395030644634421,0.0319269369327428,0.0362897470063444,0.032601585832344,0.0263843120390945,0.0263680417213968,0.0148549412207282,0.0148600161278796,0.0147782828292,0.0003701361189877,0.0389339271308322,0.0425876909382032,0.0472437115740255,0.0501267950512984,0.0428790322610288,0.0429340647589862,0.0544853382652137,0.0532216658199597
73064,7711,870531,0.1545148033080446,9.47529503306964,0.1055376108617102,970,5,4411,5,11.914636483083324,112.89469588898976,0.0163394392753232,0.0220620061224281,0.0124670197572173,0.0164553706912784,0.0068469613344092,0.0128448005479916,0.0381195425932407,0.0377047882800813,0.0247011871805057,0.0248417542367158,0.0300784755119563,0.0308736054758883,0.0350699421826197,0.0350587394589862,0.0324344744598326,0.0332339975829523,0.0329961062638215,0.0342796983334124,0.0045941792687233,0.0117308776191938,0.016305241663001,0.0268519530095396,0.035856459992651,0.0369054764524408,0.0186470467528503,0.0290751436431156,0.0233705505710322,0.0291951041374578,0.0197020920967227,0.0152363155383033,0.0207479784106862,0.0175809335466048,0.0137205275895042,0.0143448506073187,0.0100882038417782,0.0100882038417782,0.010061838426065,0.0002989337774268,0.0265956750185962,0.0258646289397055,0.0269264056431997,0.0291632944507409,0.0324353217079297,0.032345359339401,0.0285400554334666,0.0279114887101612
43536,8655,714773,0.1896935404733409,5.030155979202773,0.1988009922822491,419,5,3790,5,16.41797592796766,82.58497978047372,0.0294629268337386,0.039107234353491,0.0232391815291269,0.0393385300075121,0.0078258842264918,0.0354851887772791,0.0593867134196633,0.0596661651464552,0.0468933055967774,0.0467575671493342,0.0488908674643144,0.0483982876265638,0.0534272612956802,0.0534991951662683,0.0510756827221255,0.0517139410056387,0.0528448155614112,0.054043559798581,0.0109887634788475,0.0246055253917196,0.0286440331978311,0.04883857272547,0.0578812667922125,0.0585672486254559,0.0391422166780009,0.0432931173295549,0.0414650354871543,0.0449402017809035,0.0432273677665728,0.0339602720907018,0.0392047880912876,0.037029582886841,0.0270244387385909,0.0289270033675652,0.013225259413693,0.013225259413693,0.0132312614522056,0.0003993687714737,0.0370625018909549,0.0411521553546957,0.0496852592569526,0.0507487434294888,0.0402260140534023,0.0399380789289354,0.0532821407723637,0.052167969440101
57728,10291,890388,0.149877074903027,5.609561752988048,0.1782670454545454,417,5,4686,5,15.42384977827051,86.52103780001943,0.029408157217917,0.0384571646777913,0.0219904473865904,0.034435695876696,0.0067564120921545,0.0295818891758274,0.05886740799588,0.0588658531758733,0.0427972870336976,0.0431045290525399,0.046889415939064,0.0471401917603613,0.0504755444213596,0.0505226940960932,0.0478726915730549,0.0486563632867217,0.051189355344457,0.0519692932981046,0.0093819153613114,0.0223376511383683,0.0273514948718354,0.049180280456119,0.0566664850740878,0.0575296366513979,0.0387976329434566,0.0432484533369997,0.0412066358720229,0.0447470966471443,0.0396970971119908,0.033143715090166,0.0364289730922747,0.0345765483248442,0.0224480208640129,0.0268153052951416,0.0137419235979,0.0137394633866773,0.0135773118001863,0.0003141959945382,0.0384726114343287,0.0412504894607917,0.0451229784673829,0.0483852500355031,0.0397198945798151,0.0394856797393883,0.0516762319446874,0.0503227770155938
32987,7604,459769,0.1832967467282274,4.3381115202524985,0.2305150513838785,396,5,3309,5,13.937884621214415,60.4640978432404,0.0267403046710345,0.0406756153254197,0.0185189944424964,0.0439450073117545,0.0039563151118352,0.0342376462787619,0.0580853697157021,0.0578677724793008,0.046077750588702,0.0463537023610412,0.0481709368437156,0.0493801327535402,0.0513541322050364,0.0513953777560059,0.0483962843980842,0.0495667305452805,0.0497756976480628,0.0509958406373711,0.0128850951450417,0.0270547034255136,0.0247979897026352,0.0497894873411329,0.0580701739280005,0.0581086056893358,0.0379441867953793,0.0418737024361964,0.0398516347856348,0.0439362767267814,0.0448982810364783,0.0378260535408256,0.0378352382412278,0.037067300126103,0.0278147557781435,0.0271181585733664,0.0131319728640042,0.0131051193066089,0.0131028198085735,0.0003690046799549,0.0339018747706786,0.0394974472600173,0.0448975014804695,0.0481382113299475,0.0443532415784601,0.0439450625093784,0.0516056609479812,0.0493751363103993
44081,8254,606353,0.1666516538460183,5.340562151684032,0.1872462058483247,381,5,3023,5,13.755427508450351,73.46171553186333,0.0309812804127015,0.0438309014477998,0.0202852876642254,0.0400302151211519,0.0024291206469907,0.0389998657334747,0.0624870409535305,0.0629023598338989,0.0513547901132314,0.0514505041017214,0.0519756874019796,0.0525680094537522,0.0555712719610345,0.0556182391293771,0.0526496151908039,0.0537873649762178,0.0543861884145005,0.0553875087979597,0.0131883814996835,0.0265270933609455,0.027347796988786,0.0519244705321682,0.0620138997019767,0.0621619740812466,0.0307621529451526,0.045944454944132,0.0424207019199021,0.0479443605136341,0.0465647911609482,0.0368372745383702,0.0425030512293354,0.041644960135667,0.0307595615457582,0.0305116618336121,0.0109223222480582,0.0109220335940431,0.010863565808881,0.0003338428790202,0.0411159061473721,0.0449942902278367,0.0505560604091551,0.0534362108354125,0.0404896611261777,0.040287607587017,0.0577442465887271,0.0564099378509314
1090,3646,52551,1.3223238235190506,0.2989577619308831,3.3449541284403668,899,5,177,5,48.21192660550459,14.413329676357652,0.0414084041903014,0.0857026620706574,0.0643381123482421,0.0646951420491512,0.043572317813383,0.0791993877776698,0.1114388190151817,0.1101964346697083,0.0963177892532587,0.0867518616773735,0.0833151630036068,0.0815230601758945,0.0801238388844112,0.0843523600250033,0.0754738522991016,0.0779327071382317,0.0969267714736312,0.0972136963703948,0.0255496243888638,0.0754572904017907,0.0601436137410526,0.1094762390675444,0.1031636500235058,0.1049220039726841,0.059014964097023,0.0862534103074086,0.0705462927670496,0.087923483098363,0.0766035162638799,0.0546360843042157,0.0849255643858453,0.0781435855105402,0.0379630331871167,0.0638566288702344,0.0354964277473896,0.0355146416037343,0.0348510093075137,0.00222485159762,0.0692115929340738,0.0818415821354203,0.0975502391284989,0.0994628903196373,0.1082043823265351,0.1084786398374239,0.0907787654266088,0.0837472318499497
4096,136,97879,17.570764878216913,30.11764705882353,0.033203125,130,5,4094,163,23.896240234375,719.6985294117648,0.1486323722369305,0.225729985742361,0.1759061831580976,0.3241482958325427,0.0428052596461003,0.1605383172966997,0.3561182076103408,0.3601111738462174,0.3069135372793051,0.3388154630509076,0.2714627650185081,0.2446527909409022,0.2840522356958173,0.2802160763356294,0.2515401256726908,0.2516529800682284,0.3254965463958474,0.2937256690691613,0.0761378912789327,0.0705533936673415,0.1513898923843627,0.2578577937863868,0.3269178782186967,0.3400463298282404,0.2684411025856036,0.3369191195280227,0.2541163054247574,0.3430244614765911,0.2499273871119482,0.2499273871119482,0.1307980542720297,0.0694691046911723,0.117567583016454,0.129570091551828,0.3155156856296831,0.3154358523703749,0.0737714040873417,0.0572894118124809,0.3120784174574882,0.3238931763271884,0.33868464970491,0.3360229160347822,0.3138832896100513,0.3154385686285973,0.3318756077607777,0.3370751208156414
5199,8640,751531,1.673067024997685,0.6017361111111111,1.6618580496249278,636,50,1424,10,144.55299095979996,86.98275462962962,0.2089917611314175,0.2819367183307725,0.3732718938980212,0.3546573321253956,0.0366151285083677,0.1939695704377698,0.5859223095116124,0.5784606148152791,0.3849774765032502,0.3067801216121973,0.2178679193608201,0.2217848780218575,0.3597248265017227,0.3136503604616403,0.3081799129523018,0.2804274165765488,0.4822734990956203,0.4526644868711886,0.0938336017830085,0.2017185257045989,0.239978915614688,0.3298552823002073,0.5092949341192383,0.5139372020407112,0.2597623676386647,0.3013733126704249,0.2496191804789802,0.2543391684042475,0.5473231139642861,0.5857890186579142,0.3857860112811757,0.4675620259318107,0.1958836009687693,0.2091723184984493,0.0675388950588426,0.0675888211542229,0.0676005728695621,0.0035038813640736,0.3697362054322539,0.410753722023196,0.3343180845291263,0.3828300793396894,0.322485859955922,0.325872106807007,0.3430186558295556,0.3210336735907447
854,8870,450123,5.9422335108475535,0.0962795941375422,10.386416861826698,4085,22,730,5,527.076112412178,50.7466741826381,0.2509531095723433,0.368992114603419,0.4817642095350426,0.4981797813235293,0.151767812718836,0.4481320187165117,0.559996139852171,0.5864995578001111,0.5178363769215546,0.385870650604213,0.234610823946102,0.2186582755405018,0.4584312963396075,0.4521121374229998,0.4318616541246793,0.4025432230748705,0.5372035808205132,0.5413828312621639,0.1122720014948617,0.1933785199989415,0.3023302044257953,0.4553267477573756,0.4367410650650175,0.5144819284424378,0.3673373183370381,0.4644567574162422,0.4302974933940938,0.4519467599636783,0.4546494099845028,0.3245315494783135,0.511839654652061,0.4832978285037258,0.2595088791170974,0.2409710052671638,0.421822114932642,0.4219367505186487,0.418183539036403,0.0136305828075551,0.5351429476884058,0.5464412081799208,0.5165267890121028,0.5213828847964491,0.4888562460324911,0.4936945218117948,0.4789337889031438,0.5029411534174861
763,2628,39652,1.9774941102074444,0.2903348554033486,3.444298820445609,595,5,243,5,51.96854521625164,15.0882800608828,0.034070477483672,0.0582195695482453,0.0623080045344935,0.1136643827569041,0.0974455603395609,0.0783879494088511,0.0983601632810609,0.1040265599861293,0.0734594733536609,0.0933261198280303,0.0287211529687112,0.0432746028230529,0.0882350197770744,0.0862119308998916,0.0846890730289817,0.0817324551513931,0.0879851012689658,0.0890386104976424,0.0136727623743918,0.0368921896759204,0.0457787069995016,0.0785949682051472,0.076058772948182,0.0845324190096337,0.0633391212556744,0.0581666106358056,0.0650874707224109,0.065837731830273,0.0263903097533104,0.0175255543784542,0.0703728694464338,0.0402222573819696,0.0306361827785585,0.0531473731399516,0.0986666626002969,0.0986002995698035,0.0922394570241638,0.0045001292600182,0.062523898985713,0.0634738914019914,0.104675942826182,0.1021083666984965,0.0999059332926877,0.0994138085381988,0.1045671710598474,0.1072449380130561
2238,301,15798,2.3451764894498237,7.435215946843853,0.1344950848972296,26,5,427,5,7.058981233243967,52.48504983388705,0.0197557458304577,0.0288665474935466,0.0200756742985235,0.0303463591344666,0.0231858074790571,0.0300891392830194,0.0439734192846681,0.0436147765486535,0.0254717112344295,0.0296639107599612,0.0296670186060958,0.0275071948525123,0.0450446464883496,0.0450446464883496,0.0433386545656882,0.0441769266333284,0.0427813248647723,0.0440433470802669,0.0102566107345096,0.0223742400648268,0.0295774224438849,0.0391309561797068,0.0352211441215179,0.0409208143659711,0.0323516172577005,0.0372565789076791,0.0339576443191714,0.0342494925112354,0.0055030194958119,0.0097805373026738,0.025288952834986,0.013650651195832,0.0111443972754549,0.0251063115859756,0.0267719323131074,0.0267668212773109,0.0132014501215783,0.0045225215612042,0.0262293326178618,0.0292767176978626,0.040074286114922,0.0420279896434318,0.0350229796757342,0.0356513694632302,0.0397011195321509,0.0391699030839526
943,1349,99287,7.804925214624242,0.6990363232023721,1.4305408271474018,648,19,583,5,105.288441145281,73.6004447739066,0.1999984964676015,0.2986761852182482,0.308720751540477,0.3472679621902828,0.2090814187951318,0.3446994420089168,0.3941976489340024,0.4101942355988977,0.3750618867550506,0.23254616412318,0.2062934665838268,0.2251074123934415,0.3224001274817624,0.3297591542426534,0.3194760054094739,0.3178878572913245,0.3589444263463969,0.3616033919033,0.1389992435683023,0.198960467974111,0.2333067746073662,0.3839793765510348,0.3504915952617508,0.3705837259177284,0.3071200189448589,0.3671690276978563,0.3162561794616707,0.373034894851191,0.285417271442805,0.1931639167936248,0.350811385601845,0.3048634615359792,0.2025435732713305,0.2452322511877495,0.2048202697767127,0.2047615954469475,0.1944568221523586,0.0173515673546305,0.3972240198356349,0.3966028563875903,0.3768610025429956,0.3722606847327016,0.3811517185240713,0.3813014082121765,0.3689229099252547,0.366647095437596
6040,3416,999611,4.84480415496999,1.7681498829039812,0.5655629139072847,2277,18,3428,5,165.49850993377484,292.6261709601874,0.2101072770989572,0.2792028195763071,0.3483588268934433,0.3692298945934549,0.0778923778125913,0.3152397335158035,0.3806966019384243,0.4007476738890749,0.365562138097583,0.3332619221365279,0.2444718360053209,0.2335520164816638,0.2930576784732958,0.3012797200478693,0.3094798784630669,0.2967403743640843,0.3483760053437785,0.3539438524042756,0.1016325201257303,0.1970412535407603,0.2451266095907519,0.3567147396869585,0.3507517659758981,0.3591362281626412,0.2909155080377438,0.3337927290011739,0.2878225671345933,0.3145201327961706,0.3839156421683483,0.3349459055637601,0.3580426923282807,0.3272474056933604,0.1973028672548552,0.2250812628482018,0.195621499032943,0.1956387984093193,0.1952039407953964,0.0107178232013754,0.3855306936651401,0.3942561145241349,0.3471752558413455,0.349405147750097,0.3599801708030372,0.3615180606873606,0.3526701418258681,0.3622099734079828
610,3650,90274,4.054525039299349,0.1671232876712328,5.983606557377049,2132,12,329,5,147.99016393442622,24.732602739726023,0.1501793546917969,0.2374329712882374,0.2222497722126666,0.2457996116827077,0.1681807855942244,0.2343886148679403,0.3421471045015226,0.3435649111534614,0.2928104118299297,0.1699353692510314,0.1897226082278157,0.2083107096732312,0.2488701220662833,0.2415287582978723,0.2480114128536474,0.235072035555448,0.3075484418043738,0.3043587327501829,0.0853320572366517,0.1818379153133398,0.1833288965537513,0.2940621301367875,0.2983830715114042,0.3015834626782654,0.2418398293002065,0.2693272818662405,0.2456872243205935,0.2713350900237297,0.2229015464236194,0.1779534329865308,0.2637672552033314,0.2433065312617268,0.1630479864135061,0.1994627841123513,0.1767595780020403,0.1768862217769431,0.1726155019404403,0.0093830822818045,0.2857635935086242,0.3017339549962424,0.294555550954983,0.3012311784120426,0.2866356033413794,0.2831065447472338,0.2900178014702035,0.2771222288451808
23421,11888,802784,0.2883264452539774,1.9701379542395692,0.5075786687161095,2389,5,2629,5,34.276247811792835,67.52893674293405,0.0394854531336111,0.0575179723886123,0.0548641368441581,0.0803190745720606,0.0116835140880084,0.0514161384635002,0.0963203569076153,0.0974952405686878,0.0801344453686558,0.0790820264556477,0.0696346094613483,0.0674016217367946,0.0792873884132557,0.0793796198429062,0.0770790615976168,0.0761329168970968,0.0862596533420265,0.0859903412291667,0.010875973952469,0.0378832396562955,0.0442452503160661,0.0741606984665507,0.0901484674133172,0.0942546684695997,0.0424695415492763,0.0652350490842568,0.0606437701398461,0.0692716444406565,0.0842339465371028,0.0666138483989291,0.0692247653987253,0.061917121859984,0.0358819481121662,0.0423134636694072,0.0243115332362057,0.0243049342506388,0.0242306732685586,0.0005839017600224,0.063063178846662,0.0686580239038281,0.0810293163736278,0.0837651082433501,0.0646673554220232,0.0647069794200225,0.0842436936857686,0.0838640572875608
9983,7814,545591,0.6994114207103189,1.277578704888661,0.7827306420915556,663,5,3846,5,54.65200841430432,69.82224212951114,0.0502405816305531,0.0771088344557245,0.0910881836533695,0.1340859735349168,0.0387180335200598,0.0958179115471805,0.1481424327062192,0.1500594630266819,0.1109908508793531,0.1283269403491544,0.0990201861310118,0.0907399778627197,0.1265497943425299,0.1264790116922758,0.1232534096811489,0.1242226336584198,0.1389353505235576,0.1394928174894246,0.0119065245034411,0.0370558084457241,0.0584484380355602,0.1143949135865852,0.1333257308287814,0.1340702455332217,0.0920967673480558,0.1038873297559845,0.0967917610068343,0.1095852756449873,0.1267370755530926,0.1038181484771991,0.0766430493493664,0.0693215744911592,0.0506571538416495,0.0376078819071394,0.0898700833358,0.0898688087532456,0.0895890208036937,0.0015155472752853,0.0992721806938188,0.1029940590216155,0.125898143785359,0.1227859723294758,0.1136538814240948,0.1140857323288334,0.1262330254692432,0.1230217103696195
1819,14868,984499,3.640240086741704,0.1223432875975248,8.173721825178669,7025,15,1541,5,541.2308960967565,66.21596717783159,0.2445127731367587,0.3803443976206987,0.5057999823171953,0.5189874766922931,0.1135237983860863,0.4646703176091283,0.5572171719258867,0.5899666467051825,0.5299374274565236,0.4345467060269349,0.2755115138934494,0.2518681687525596,0.4587048680862741,0.4540486698777655,0.432504798501559,0.3975072825381809,0.5328904488460878,0.5388427600248364,0.0567047950030109,0.1331485238774336,0.3244334365604019,0.4951548040732164,0.5107858910248722,0.5394271571404481,0.3756587831746598,0.485329164904983,0.3703457485413105,0.4184185914216645,0.5200032426831745,0.4482434991210194,0.5395259595716742,0.5412871056680907,0.1999120100033742,0.2089961188331642,0.4223861785269115,0.4223292749956174,0.4209422724960461,0.0081273107867514,0.5574037684636757,0.5672402143843038,0.5140302990592542,0.5224142531842358,0.4320543307655212,0.4364524278478449,0.4742199726184745,0.4994557415670655
24523,4305,291882,0.276477987457128,5.696399535423926,0.1755494841577294,810,5,3746,5,11.90237736002936,67.8006968641115,0.0187567349758014,0.0290087743236321,0.0128466387007087,0.0307367068040806,0.0151187977843943,0.0210818697273974,0.0451355082573688,0.044897927709455,0.0242050811190331,0.0238809010671569,0.0330855921150878,0.031464470830821,0.0373191398939631,0.0373394392437482,0.0356461880554841,0.0356313937906466,0.0399636519621586,0.0408562450552637,0.0074799910716694,0.0125628810556288,0.0191361293449495,0.0339393088331657,0.0451873861047353,0.0453624662465041,0.0292776759900766,0.0339911239760641,0.0294217877787867,0.0337495881345384,0.0180071318604226,0.0128966309683258,0.02097476892947,0.0183329677148614,0.0178541983253942,0.0188558987269107,0.0237039374919967,0.0237039374919967,0.0234256837140186,0.00055293598134,0.0265396839631252,0.0287700997668787,0.0353114785109224,0.0374489525830079,0.0376369404220362,0.0376234934426897,0.0392300957959314,0.0384284683604969
4911,3166,42380,0.2725712888402831,1.551168667087808,0.6446752188963552,359,5,152,5,8.629607004683363,13.385975994946303,0.001908873762132,0.0029295124811265,0.0026742012948113,0.0047389579850812,0.0045414578088991,0.003599274102685,0.0056087971424293,0.0058136502201385,0.0047803527318505,0.0043063030610019,0.0056692582121386,0.00488375617115,0.0019671277087372,0.0019728981627108,0.0012902587465868,0.001382796372219,0.0015213705445439,0.0015999995090942,0.0012414209334012,0.0019889261778727,0.0030626886185549,0.0054109003744577,0.0052864877775715,0.0052359312096353,0.0032222785401499,0.0040008652117944,0.0036575193038005,0.0042000922804304,0.0039891184483186,0.0028003952994053,0.0035373703104092,0.0029627972166444,0.0014825838971089,0.0022140292246099,0.0047414852342636,0.0047416417991423,0.0045957057536044,0.0006381475568362,0.0029589008888407,0.0030925508640074,0.0046266997065201,0.004591496950237,0.004058275135169,0.00436506157583,0.0062309464586514,0.0062309464586514
22178,17803,240938,0.0610224626172515,1.2457450991405945,0.802732437550726,2767,5,300,5,10.863829019749302,13.533561759254058,0.0183751440714088,0.0392613029703447,0.0303001846835167,0.0112781834454454,0.0006193417165651,0.0149193219762182,0.0587490530722033,0.0572447756220834,0.0173992134049835,0.0231233279075405,0.0249786586911435,0.0349529061669647,0.0439667768868027,0.0439674860600084,0.0407923849339032,0.0409119128976637,0.0470815558386994,0.0475041490932713,0.0200315883145856,0.0403821297514497,0.0202054238349408,0.0440296074676892,0.0598857988335324,0.0604077951825124,0.0270138688498009,0.0416747877412183,0.025432677227789,0.0449987953630125,0.0269858450891131,0.0411685017935573,0.0092976062622304,0.0162179634349191,0.0275199701250611,0.0304888605953116,0.0022278801103503,0.0022144464338587,0.0022307553703298,0.0001213286567224,0.0332956972052532,0.0404345790854839,0.0111185949545584,0.018533215781864,0.041158739260208,0.0412911001047154,0.055503971365525,0.0553777944992049
25587,15254,546349,0.139980339125212,1.6773960928281106,0.596162113573299,1214,5,8026,5,21.35260093015985,35.81676937196801,0.0512971197288775,0.0717887059897937,0.0422173167524128,0.0839047204229103,0.0349543281116386,0.0532203657533584,0.1069527382429436,0.1020191455433048,0.0522637874778918,0.0543544275049514,0.0715407080646337,0.0749971947523305,0.0839956287867867,0.0847552079739794,0.0779809019564484,0.0790649065660578,0.0851680067712125,0.0874204426493992,0.0161689534375552,0.0340708355405464,0.0527690286424695,0.0866594939358669,0.1026381133236533,0.1035997120988712,0.0710610211759326,0.0882551192251851,0.0641221644882073,0.092946149049161,0.0660684475244101,0.0490294746094297,0.0356672840077364,0.0315335001006555,0.0477201144510821,0.0412768912968856,0.051100109660169,0.051104936218447,0.0507837978485433,0.0002524102970325,0.0697535961491173,0.0855035673065777,0.0740004133932516,0.0760433636555937,0.0702254375631009,0.0704786227825502,0.0909786733481349,0.0856463087568889
34151,23098,470966,0.0597051444695103,1.478526279331544,0.6763491552223947,3544,5,2544,5,13.79069426956751,20.38990388778249,0.0050266983244458,0.0068937224546211,0.0043544053936203,0.0118653147405628,0.0046660627613691,0.0082521075672821,0.0145938111966795,0.0145604204660744,0.0072374373625047,0.0071431205753377,0.0118531396759105,0.0119018841776692,0.0024048756576373,0.0024400890987374,0.0019273588205327,0.0019441572753275,0.0042787672935695,0.0045352725795312,0.0018651239749243,0.0039260903364368,0.005228451142811,0.0104799855199712,0.013335205605151,0.0128190277410501,0.0044304865325841,0.0085426300555455,0.004661756872282,0.009565306804385,0.0076322739981429,0.0066825609041003,0.0058661258423884,0.0060981956278441,0.0045732452268092,0.004194249222372,0.0080254411607211,0.0080250607621468,0.0080426639801904,0.0001068546867845,0.0061238708544957,0.007477012477915,0.0099495261586805,0.0104900712107058,0.0108130277716188,0.0108039374994097,0.0134830697059166,0.0131388615581175
1761,443,10730,1.3754241318356208,3.975169300225734,0.2515616127200454,10,5,565,5,6.0931289040318,24.221218961625283,0.0142071626921626,0.0274725377450439,0.0171246588788717,0.0437387567807726,0.0351262600971704,0.0326033606045272,0.0448287666673151,0.0455755913531589,0.0109213979157703,0.023940941921643,0.0219863194245598,0.012846798521988,0.0410714227740567,0.0410714227740567,0.0402034716879744,0.0411821378515453,0.0352773951994969,0.0380195035300915,0.0040219255741214,0.0075398922900344,0.0230629435125667,0.038926988299053,0.0388350939346806,0.0406897955322661,0.0357096064582636,0.0427216895607708,0.0379479591503946,0.0425714001505585,0.005218806948315,0.0048184140054618,0.0084168873263142,0.006562238982002,0.0073290557669678,0.025260711199153,0.043425475535998,0.0433679688263589,0.0166462918019129,0.0032332216527039,0.0264923820074144,0.0276450509280059,0.040636243949583,0.0415017679456261,0.0340530406125664,0.0346267507398619,0.0452738971289548,0.0453073219195497
26039,15483,709356,0.1759482011686537,1.6817800167926114,0.5946080878681977,1009,5,5427,5,27.242059986942664,45.81515210230575,0.0133410627545326,0.0157970937639237,0.0198632672524864,0.0349343239114908,0.0211078224973436,0.0207722450657325,0.0604302617644762,0.0594433171450109,0.033067775760625,0.0324234242273338,0.0283613809587051,0.0295544868871112,0.0487966329799896,0.0484915345851569,0.0480529513515411,0.0472393504254135,0.0558138088970276,0.0548815484210403,0.0025090051303339,0.0098433850529184,0.013541174604122,0.0237312561434397,0.0502257043133408,0.0502101805391074,0.0231633407497354,0.0267566385900105,0.0247347691236584,0.0280473597386938,0.0408576937688331,0.0415404017905634,0.0279287737624615,0.0298165455192419,0.0093835610962183,0.0088840875034667,0.0252551638862947,0.0252551638862947,0.0252894217442495,0.0003400914404857,0.0252887061696868,0.028292548774972,0.0413512331888814,0.0444375185371015,0.027657674607951,0.027544105889836,0.0432397748173411,0.0415162292344353
2067,967,11267,0.5636913150912878,2.1375387797311274,0.4678277697145622,16,5,49,5,5.450895016932753,11.651499482936918,0.0024947128967846,0.003319097099988,0.003107237450393,0.0032625868862327,0.0040961236128337,0.0044565367162713,0.00314762668225,0.0030779245160969,0.0038073198695755,0.003359322756524,0.0035693164955207,0.0033171283199433,0.0024494304247275,0.0024494304247275,0.0022722397157966,0.0024273519156454,0.0023354479885241,0.0024468199643238,0.0018729428129057,0.0024889388874304,0.0032557343458073,0.003573709718121,0.0029075786319237,0.0028297657830379,0.0027044046483099,0.003599516269139,0.0029034417581765,0.0030334068073137,0.002902565494562,0.0022516245314043,0.0033547228643379,0.0029318717936681,0.00175939518517,0.0026319823276722,0.0032752518934416,0.0032509749862446,0.0028281848231166,0.0011872045655571,0.0028952823198756,0.003193163602494,0.0038781828520303,0.0033321286437123,0.0027665311283194,0.0028082403621085,0.0037657676135161,0.0037657676135161
241,1594,20539,5.346553725849529,0.1511919698870765,6.614107883817427,702,5,77,5,85.2240663900415,12.885194479297365,0.1546857698554095,0.2149478854853538,0.1555690363932589,0.1702219732268209,0.1077270865387255,0.1639090912819763,0.2882105531381211,0.2781865794345792,0.2369168360943963,0.1015738679408396,0.2012580522342366,0.2159739858961769,0.1866133848493035,0.1849859454405965,0.2038100705491861,0.1934327179374445,0.2573965442719817,0.2479987382865928,0.0858941496331778,0.2027104914958916,0.2075656602237462,0.2400709222916654,0.2575988667409258,0.2540531354094235,0.1938128397663589,0.2221129144837458,0.2180058558708498,0.2336040943263967,0.2463079873493742,0.2495193955462112,0.1794783884425707,0.1432032900967155,0.0806818531247759,0.1898393439325135,0.1010428604403404,0.1012118598844568,0.0872541820788297,0.0119667071159933,0.228139603164068,0.2352576526088938,0.24452006678668,0.2575002935081943,0.2425135950577941,0.2435037022511171,0.2156042699357132,0.2150186965096062
7620,3783,207771,0.7207648805992828,2.014274385408406,0.4964566929133858,1450,5,4294,5,27.266535433070867,54.92228390166535,0.1026757763971245,0.1514718021135265,0.100294106267265,0.1610753201566521,0.0770981589503711,0.1178497426782654,0.1963583980028282,0.1917102333606581,0.1404642097734008,0.1662559159290916,0.1415091813235457,0.14542615129729,0.1573117560336572,0.1573553964313498,0.1512187187158011,0.1568803062940212,0.1696313528849054,0.165881667593369,0.0394623576227073,0.0626521152808783,0.1133869111876284,0.1678975559147408,0.1855056206279439,0.1876824120926043,0.1494437236003755,0.1632445781313234,0.105204980068104,0.1611586424483055,0.1636341212793544,0.1078472081387599,0.0859178954250613,0.0729068650390267,0.1064222928421522,0.114917215281406,0.1090976225729763,0.1090976225729763,0.1023822130312149,0.0015060066177158,0.1504621756623927,0.166227798139871,0.1545165140576912,0.1546044571240335,0.1321739479027061,0.1326132509756954,0.1554892743544833,0.1515807668524754
15400,1000,365704,2.3747012987012988,15.4,0.0649350649350649,648,10,5587,66,23.747012987012987,365.704,0.0608702026914504,0.0798995426858869,0.0355876220985574,0.0907937818211926,0.0178249885219614,0.0742628777579164,0.1325704541598816,0.1328836919147247,0.083070550175407,0.096552463843265,0.0862741370100304,0.0849346956603334,0.1137988831436119,0.1138056018625573,0.1119968600371608,0.1117281320319121,0.1218736793688219,0.1231212337547305,0.0265693955012713,0.0336918983470068,0.0656861297979148,0.0957380098140283,0.1047687212386121,0.1122435045893941,0.1034868759732047,0.1127682645856513,0.1082582956045651,0.1125183117136323,0.0756533181456573,0.0392786471415397,0.0550421980540459,0.0495151098831091,0.0561268601183661,0.0606902655058075,0.0733292853914877,0.0733309618062157,0.0730305247592135,0.0049579493896549,0.1085885646596901,0.1053898425626616,0.1112462155890522,0.1099788812183437,0.120365210758742,0.1204812842245847,0.1131416471648094,0.1122593926938719
7597,3675,197095,0.7059535674214401,2.0672108843537416,0.4837435829932868,1440,5,4225,5,25.943793602737923,53.631292517006806,0.1013940646979306,0.1487360500577344,0.0967257146969033,0.1568053953352136,0.0798104517052316,0.114345890985059,0.189230927650768,0.1852603715352035,0.1352110264315937,0.1594336388100267,0.1378268011148535,0.1432095200948826,0.1519921901278443,0.1520331950462457,0.1463993758353081,0.1514071875556936,0.1642574262033275,0.1609512612066132,0.0384994408209859,0.0609925916525218,0.1120450837264562,0.1616998384250292,0.1802674702304329,0.182810622415702,0.1461537796755656,0.1594156963294908,0.1203003393984519,0.157080295954922,0.1562712781139712,0.1004622979857116,0.0756557764990457,0.0699198147461682,0.0985953205390798,0.1108681481938741,0.1085193488584754,0.1085193488584754,0.0973963671746256,0.0014812616068521,0.1466449262977558,0.1611678059889634,0.1499924396421909,0.1516098008107842,0.1302646738666486,0.1298845799498755,0.1516249269628874,0.1481565919481015
